Id,Label,indegree,outdegree,Degree,weighted indegree,weighted outdegree,Weighted Degree,closnesscentrality,betweenesscentrality,modularity_class,x,y
11,AIZL,11,7,18,11,7,18,0.276596,1317.126819,0,0.048698,0.002705
0,ADFL,6,3,9,6,3,9,0.233533,92.17938,1,0.082393,-0.000984
26,AUAL,5,6,11,5,6,11,0.278571,67.107533,1,0.06862,0.006149
69,OLQVL,7,6,13,7,6,13,0.273364,824.700248,2,0.116089,0.004181
71,RIAL,13,21,34,13,21,34,0.428571,899.937442,3,0.089526,-0.003935
83,RIR,8,7,15,8,7,15,0.252155,457.027581,1,0.069562,0.009308
114,SMBVL,2,3,5,2,3,5,0.232143,18.590115,1,0.05952,0.014265
12,AIZR,8,6,14,8,6,14,0.262921,249.034218,0,0.05756,0.003184
1,ADFR,9,6,15,9,6,15,0.261745,340.820361,0,0.083279,-0.003184
19,ASHR,9,3,12,9,3,12,0.214286,52.00752,1,0.07838,-0.00098
27,AUAR,5,4,9,5,4,9,0.264108,32.687418,0,0.067113,0.005389
44,AWBR,7,3,10,7,3,10,0.225434,52.886434,0,0.082789,-0.006858
72,RIAR,16,22,38,16,22,38,0.420863,2602.883501,3,0.089892,-0.004654
112,SMBDL,3,6,9,3,6,9,0.279236,80.354587,1,0.064685,0.014019
115,SMBVR,2,5,7,2,5,7,0.275943,53.804978,0,0.066133,0.012737
126,URXR,10,6,16,10,6,16,0.275943,259.824834,4,0.093077,-0.010042
6,AIAL,5,9,14,5,9,14,0.282609,982.800054,0,0.065177,0.009346
2,ADLL,16,2,18,16,2,18,0.302326,2657.330083,1,0.082639,-0.013035
8,AIBR,9,16,25,9,16,25,0.370253,711.001435,0,0.075441,0.006123
13,ALA,3,1,4,3,1,4,0.233533,14.34127,1,0.094056,-0.013227
15,ASER,8,8,16,8,8,16,0.280576,814.589013,0,0.071767,-0.000735
18,ASHL,11,1,12,11,1,12,0.233068,222.401293,1,0.075507,0.000492
28,AVAL,5,19,24,5,19,24,0.422383,2621.50154,1,0.089526,0.001722
29,AVAR,4,17,21,4,17,21,0.427007,542.467298,1,0.090872,-0.000245
30,AVBL,5,15,20,5,15,20,0.362229,71.327426,1,0.069112,-0.004427
32,AVDL,3,10,13,3,10,13,0.358896,58.184531,1,0.061734,-0.001476
33,AVDR,3,12,15,3,12,15,0.375,24.701155,1,0.066378,-0.00147
38,AVJL,6,5,11,6,5,11,0.283981,237.514328,1,0.067636,-0.009346
39,AVJR,7,5,12,7,5,12,0.260579,155.574967,1,0.072992,-0.009798
43,AWBL,6,2,8,6,2,8,0.235412,148.717986,0,0.079196,-0.003935
81,RIPL,1,12,13,1,12,13,0.293233,163.256168,2,0.1215,-0.006641
116,SMDDL,3,15,18,3,15,18,0.423913,274.919579,3,0.072555,0.013281
7,AIAR,6,9,15,6,9,15,0.271462,499.420646,0,0.05903,0.011512
3,ADLR,15,3,18,15,3,18,0.231683,400.538376,1,0.083279,-0.011512
31,AVBR,5,16,21,5,16,21,0.392617,266.158158,1,0.071767,-0.006368
37,AVHR,9,3,12,9,3,12,0.235412,267.081272,1,0.076421,-0.012737
46,AWCR,4,7,11,4,7,11,0.247357,165.744345,0,0.078625,0.004164
66,OLLR,16,6,22,16,6,22,0.299233,920.12487,4,0.129082,-0.004409
75,RICL,10,9,19,10,9,19,0.305483,491.788327,1,0.055831,0.006149
76,RICR,6,12,18,6,12,18,0.313673,550.355079,4,0.052907,0.004899
10,AINR,6,2,8,6,2,8,0.189015,275.991883,0,0.061969,-0.003429
4,AFDL,1,3,4,1,3,4,0.222011,115.6921,0,0.086329,-0.002705
5,AFDR,1,3,4,1,3,4,0.221591,3.5,0,0.086463,-0.00098
16,ASGL,3,2,5,3,2,5,0.221591,121.701948,0,0.077966,-0.007624
24,ASKL,2,5,7,2,5,7,0.223709,236.4,0,0.088542,-0.010084
42,AWAR,7,3,10,7,3,10,0.238289,262.257789,0,0.07838,-0.005389
34,AVEL,2,19,21,2,19,21,0.427007,259.426777,1,0.082885,0.002214
73,RIBL,9,13,22,9,13,22,0.346154,485.349569,1,0.070342,0.004427
79,RIML,11,8,19,11,8,19,0.347181,509.894416,1,0.064439,0.00246
80,RIMR,12,8,20,12,8,20,0.347181,795.907933,1,0.066868,0.003429
100,SAADL,3,3,6,3,3,6,0.302326,197.593634,1,0.07772,0.009346
9,AINL,7,0,7,7,0,7,0,0,0,0.06198,-0.006149
14,ASEL,6,6,12,6,6,12,0.22807,156.911675,0,0.069112,0.000492
17,ASGR,2,3,5,2,3,5,0.254902,203.901694,0,0.080095,-0.010287
47,BAGL,6,1,7,6,1,7,1,7.085317,1,0.112891,0.000492
74,RIBR,5,10,15,5,10,15,0.322314,967.889515,4,0.071032,0.005144
48,BAGR,5,5,10,5,5,10,0.257709,81.927441,1,0.114631,0.003184
77,RID,1,1,2,1,1,2,0.160494,5.9,0,0.09871,-0.016411
20,ASIL,6,1,7,6,1,7,0.217069,61.226841,0,0.076982,-0.012789
35,AVER,2,20,22,2,20,22,0.417857,198.583584,1,0.084014,0.003184
78,RIH,23,10,33,23,10,33,0.301546,2910.496604,2,0.079934,0.009592
113,SMBDR,3,6,9,3,6,9,0.2925,194.9945,4,0.057316,0.016901
89,RMDR,4,16,20,4,16,20,0.388704,330.055307,3,0.087933,0.005144
45,AWCL,5,5,10,5,5,10,0.231225,116.629514,0,0.078458,0.004919
21,ASIR,5,0,5,5,0,5,0,0,0,0.077156,-0.011757
22,ASJL,1,1,2,1,1,2,0.183099,0,0,0.063455,0.006641
25,ASKR,3,1,4,3,1,4,1,122,0,0.088668,-0.009553
23,ASJR,1,0,1,1,0,1,0,0,0,0.062704,0.009063
40,AVL,1,2,3,1,2,3,0.29471,0.5,1,0.06099,0.009063
36,AVHL,11,2,13,11,2,13,0.213504,173.040344,1,0.072063,-0.008608
41,AWAL,5,0,5,5,0,5,0,0,0,0.077966,-0.002951
49,CEPDL,16,3,19,16,3,19,0.25,577.623777,2,0.094199,-0.016233
53,IL1DL,3,4,7,3,4,7,0.208929,67.923044,2,0.12814,-0.014511
55,IL1L,8,5,13,8,5,13,0.218284,121.095249,3,0.126419,-0.000984
65,OLLL,15,3,18,15,3,18,0.257709,599.059773,3,0.128632,-0.006149
67,OLQDL,3,5,8,3,5,8,0.267123,302.452285,2,0.122729,-0.015987
90,RMDVL,3,13,16,3,13,16,0.36,347.575011,3,0.094199,-0.002951
99,RMHR,1,3,4,1,3,4,0.257642,5.859235,4,0.072257,0.010042
105,SIADR,0,2,2,0,2,2,0.303342,0,2,0.06148,0.014941
119,URADL,4,2,6,4,2,6,0.204188,1.666667,2,0.131338,-0.012052
123,URBL,8,1,9,8,1,9,0.200342,40.925,3,0.121008,-0.002951
127,URYDL,6,2,8,6,2,8,0.223709,0.666667,3,0.125681,-0.012052
50,CEPDR,16,4,20,16,4,20,0.268966,482.109981,4,0.096016,-0.012492
54,IL1DR,2,4,6,2,4,6,0.261745,5.304794,4,0.126878,-0.010042
56,IL1R,10,6,16,10,6,16,0.308707,315.742538,4,0.124184,0.002449
68,OLQDR,5,4,9,5,4,9,0.26,296.042969,4,0.121734,-0.012247
86,RMDDL,1,17,18,1,17,18,0.387622,14.982433,3,0.07895,0.009346
91,RMDVR,2,13,15,2,13,15,0.380192,105.028824,4,0.09724,-0.00196
98,RMHL,1,2,3,1,2,3,0.218284,1.750887,2,0.073047,0.0091
104,SIADL,0,4,4,0,4,4,0.327778,0,3,0.068374,0.010822
120,URADR,5,2,7,5,2,7,0.213894,8.729834,4,0.124919,-0.008328
124,URBR,11,2,13,11,2,13,0.213115,25.186907,4,0.122224,-0.001225
128,URYDR,7,2,9,7,2,9,0.214679,57.23244,4,0.130552,-0.009553
51,CEPVL,12,2,14,12,2,14,0.248936,324.04142,2,0.10748,0.011314
57,IL1VL,4,5,9,4,5,9,0.242236,190.227817,2,0.129124,0.011806
106,SIAVL,0,4,4,0,4,4,0.308901,0,3,0.051896,0.014019
121,URAVL,4,2,6,4,2,6,0.209677,3.631818,2,0.11658,0.009346
52,CEPVR,14,3,17,14,3,17,0.315364,1141.717187,4,0.105079,0.014941
58,IL1VR,4,5,9,4,5,9,0.25885,22.590394,4,0.112182,0.013227
64,IL2VR,10,3,13,10,3,13,0.245798,206.402985,4,0.126878,0.012247
70,OLQVR,8,5,13,8,5,13,0.27791,361.54438,4,0.114386,0.007593
82,RIPR,1,10,11,1,10,11,0.291045,179.055938,4,0.121,-0.003184
84,RIVL,8,3,11,8,3,11,0.323204,154.883935,3,0.073047,-0.0182
87,RMDDR,1,14,15,1,14,15,0.370253,50.669211,3,0.077156,0.012247
107,SIAVR,0,4,4,0,4,4,0.264574,0,4,0.054621,0.011267
122,URAVR,5,3,8,5,3,8,0.245798,6.446255,4,0.113406,0.011267
88,RMDL,6,14,20,6,14,20,0.373802,654.746456,3,0.087312,0.005165
94,RMER,0,13,13,0,13,13,0.299748,0,4,0.112917,-0.000245
93,RMEL,0,9,9,0,9,9,0.273782,0,2,0.112645,-0.002951
129,URYVL,10,1,11,10,1,11,0.195326,114.497117,2,0.1215,0.002214
59,IL2DL,8,0,8,8,0,8,0,0,2,0.136748,-0.015741
60,IL2DR,9,0,9,9,0,9,0,0,4,0.13741,-0.013961
92,RMED,2,5,7,2,5,7,0.256579,291.556557,4,0.115597,-0.017954
61,IL2L,11,0,11,11,0,11,0,0,2,0.131583,-0.002951
95,RMEV,1,10,11,1,10,11,0.308707,118.922619,2,0.094056,0.017391
125,URXL,6,3,9,6,3,9,0.212341,54.704063,1,0.092231,-0.011806
62,IL2R,10,3,13,10,3,13,0.268349,272.142026,4,0.130307,-0.000735
63,IL2VL,10,1,11,10,1,11,0.215074,61.721032,2,0.134043,0.013035
101,SAADR,6,5,11,6,5,11,0.331445,1004.858296,3,0.07838,0.011512
117,SMDDR,2,13,15,2,13,15,0.386139,348.244302,3,0.070787,0.014696
118,SMDVR,5,10,15,5,10,15,0.39,141.125582,3,0.093811,-0.004899
110,SIBVL,0,3,3,0,3,3,0.214545,0,2,0.074277,0.010084
111,SIBVR,0,3,3,0,3,3,0.283019,0,4,0.073237,0.009798
108,SIBDL,0,1,1,0,1,1,0.216117,0,2,0.079688,0.006887
109,SIBDR,0,1,1,0,1,1,0.218924,0,4,0.07985,0.007348
85,RIVR,10,3,13,10,3,13,0.3241,160.123619,3,0.076176,-0.016901
97,RMFR,2,4,6,2,4,6,0.282609,15.585317,1,0.071277,0.012247
130,URYVR,10,1,11,10,1,11,0.232604,51.51087,3,0.121,0.007103
102,SAAVL,6,3,9,6,3,9,0.27791,163.681024,1,0.094445,-0.005903
103,SAAVR,4,3,7,4,3,7,0.271462,37.168116,1,0.094546,-0.002694
96,RMFL,2,2,4,2,2,4,0.275294,4.572796,3,0.069112,0.012789
