node,name,rw_betweenness
720575940640749939,EB.1,0.033427
720575940615101747,EB.2,0.030526
720575940625649214,FB.5,0.028209
720575940604868286,FB.70,0.027308
720575940631619384,FB.83,0.025101
720575940620346795,FB.6,0.024643
720575940625962152,FB.46,0.024548
720575940636923108,FB.95,0.024112
720575940639278399,EB.3,0.023792
720575940617387732,FB.14,0.023489
720575940609375580,FB.4,0.023374
720575940624136489,FB.73,0.023212
720575940629506012,FB.111,0.022113
720575940627264062,SMP.FB.1,0.021947
720575940627899900,FB.158,0.021887
720575940614230499,FB.117,0.021418
720575940630520314,FB.98,0.021243
720575940621768385,FB.188,0.020832
720575940603932448,FB.157,0.020099
720575940630773585,FB.74,0.019763
720575940619544779,FB.1,0.019607
720575940610980932,FB.8,0.019462
720575940626849301,FB.99,0.019253
720575940621139482,FB.64,0.018699
720575940625455247,FB.2,0.01828
720575940631449411,FB.9,0.018234
720575940632212039,FB.10,0.017795
720575940628793982,FB.3,0.017776
720575940613490841,FB.131,0.017688
720575940620032123,FB.11,0.017225
720575940617232017,FB.23,0.017201
720575940632891106,FB.156,0.016633
720575940635969758,FB.101,0.016502
720575940617784118,FB.159,0.016436
720575940639410291,FB.15,0.016402
720575940638027497,FB.18,0.016123
720575940632651219,FB.52,0.015831
720575940623199070,FB.182,0.015735
720575940630007916,FB.145,0.015274
720575940627675121,FB.102,0.015031
720575940627159498,FB.282,0.014907
720575940630941994,FB.148,0.014814
720575940619141254,FB.129,0.01457
720575940605379506,FB.45,0.014479
720575940636455280,EB.FB.1,0.014212
720575940618844757,FB.135,0.014168
720575940628003739,FB.38,0.014126
720575940621019674,FB.81,0.014082
720575940637303415,FB.109,0.014069
720575940626812777,FB.139,0.014039
720575940608278620,FB.7,0.013889
720575940604110513,FB.130,0.013661
720575940619237985,FB.63,0.013598
720575940638114357,FB.50,0.013575
720575940623004711,FB.126,0.013539
720575940620012020,FB.91,0.013429
720575940616824118,FB.27,0.013429
720575940635319663,FB.138,0.013381
720575940616728038,FB.146,0.013241
720575940628050950,FB.16,0.013126
720575940628168458,FB.67,0.013103
720575940623242168,FB.115,0.013084
720575940634313071,FB.39,0.012702
720575940625850938,FB.114,0.012699
720575940634419051,FB.110,0.012659
720575940639404416,FB.59,0.012625
720575940624381966,FB.75,0.012602
720575940608208835,FB.37,0.012444
720575940631991507,FB.144,0.012408
720575940626343305,FB.105,0.012347
720575940616410171,FB.56,0.012346
720575940625392650,FB.106,0.012323
720575940621709388,FB.48,0.012309
720575940621268830,EB.FB.3,0.012264
720575940630444625,FB.65,0.012132
720575940604612832,FB.60,0.012124
720575940605583136,FB.31,0.012105
720575940633437176,FB.51,0.011978
720575940633620132,EB.FB.2,0.011942
720575940619913221,FB.69,0.011886
720575940623973837,EB.55,0.011856
720575940631347596,FB.66,0.011817
720575940629039660,FB.57,0.011803
720575940629113388,FB.180,0.011597
720575940636069348,FB.71,0.011587
720575940610894450,FB.78,0.011511
720575940620028513,FB.68,0.011278
720575940623649097,FB.33,0.01125
720575940612330154,FB.30,0.011165
720575940620841310,FB.61,0.011141
720575940614026449,FB.25,0.010981
720575940619683311,FB.62,0.01095
720575940632742099,EB.FB.4,0.010904
720575940628029378,FB.127,0.01087
720575940624290232,FB.17,0.010852
720575940617244347,FB.36,0.010796
720575940604019424,FB.80,0.010754
720575940627782014,FB.132,0.010734
720575940608783452,FB.47,0.010724
720575940637899197,AOTU.FB.2,0.010676
720575940640486973,FB.20,0.010671
720575940643408164,FB.92,0.010641
720575940623861479,FB.167,0.010591
720575940616545793,FB.28,0.01058
720575940616617940,FB.113,0.010543
720575940612734066,FB.13,0.010542
720575940628527247,FB.12,0.010516
720575940621595888,FB.29,0.010119
720575940631508255,FB.88,0.009904
720575940622471721,FB.97,0.009792
720575940631257647,FB.90,0.009671
720575940621782125,FB.87,0.009629
720575940630590255,FB.89,0.009626
720575940650510070,FB.24,0.00961
720575940633909600,FB.116,0.009577
720575940620159398,FB.76,0.00951
720575940624469444,AOTU.FB.1,0.009419
720575940620130032,FB.21,0.009374
720575940618308987,FB.22,0.009342
720575940615612066,FB.42,0.009334
720575940637729370,FB.119,0.009327
720575940636313701,FB.93,0.00932
720575940614017534,FB.108,0.009269
720575940622462173,FB.19,0.009262
720575940624888880,FB.84,0.009227
720575940623897955,FB.351,0.009064
720575940609427246,FB.34,0.00889
720575940621501720,FB.118,0.008886
720575940615833055,FB.26,0.008867
720575940623317321,FB.55,0.008805
720575940640228661,FB.72,0.008796
720575940627400776,FB.128,0.008654
720575940633013412,FB.104,0.008563
720575940632825913,FB.77,0.008474
720575940651284726,FB.103,0.008447
720575940636588724,FB.96,0.008278
720575940623260201,FB.41,0.008278
720575940611415449,FB.124,0.008232
720575940624905404,FB.140,0.008224
720575940639710883,FB.176,0.008052
720575940643338020,FB.94,0.008005
720575940639961653,AOTU.FB.54,0.007997
720575940637238505,FB.123,0.007993
720575940619715568,FB.122,0.00792
720575940626140420,SMP.FB.2,0.007876
720575940635095452,FB.143,0.007847
720575940625698279,FB.54,0.007829
720575940634534255,FB.189,0.007816
720575940627768698,FB.133,0.007713
720575940638328765,FB.150,0.007669
720575940628120402,FB.151,0.007591
720575940645255476,FB.323,0.007537
720575940627786270,FB.163,0.007446
720575940634647732,FB.185,0.007431
720575940616956673,FB.219,0.00741
720575940616097093,FB.155,0.007407
720575940630671953,FB.161,0.007307
720575940652083190,FB.426,0.007305
720575940617225565,FB.100,0.007246
720575940632803223,FB.233,0.007241
720575940613982514,FB.120,0.007234
720575940632732985,FB.58,0.007198
720575940631413156,FB.242,0.007173
720575940620327412,FB.153,0.007158
720575940642936100,FB.177,0.007119
720575940629076473,FB.134,0.007002
720575940622651656,FB.396,0.006863
720575940635530359,FB.214,0.006858
720575940643703588,FB.198,0.006823
720575940650420726,FB.174,0.00679
720575940628165019,FB.137,0.006734
720575940627807994,FB.112,0.006714
720575940627033875,FB.375,0.006686
720575940619574181,FB.251,0.006685
720575940628104061,FB.449,0.006679
720575940623807672,FB.85,0.006678
720575940624754981,FB.LAL.5,0.00665
720575940608140380,FB.49,0.006643
720575940614154786,FB.223,0.006616
720575940630976568,FB.190,0.006614
720575940642476448,FB.125,0.006591
720575940623490748,FB.168,0.006581
720575940633442468,FB.MB_ML.5,0.006579
720575940613052200,FB.44,0.006563
720575940634280288,FB.79,0.006523
720575940626612254,FB.86,0.00651
720575940630840493,FB.43,0.006496
720575940610069550,FB.329,0.006469
720575940635640974,FB.232,0.006435
720575940610219715,FB.305,0.00642
720575940627162344,FB.216,0.006381
720575940630980409,SMP.FB.3,0.006331
720575940625902823,FB.268,0.006319
720575940630021115,FB.249,0.006223
720575940638250112,FB.236,0.006194
720575940620014356,FB.164,0.006138
720575940625142936,FB.162,0.006115
720575940640039040,FB.40,0.006102
720575940624215245,FB.260,0.005946
720575940636345707,FB.278,0.005944
720575940604451505,FB.32,0.005898
720575940620028795,FB.MB_ML.4,0.00589
720575940643937316,FB.195,0.005818
720575940619935152,FB.239,0.005782
720575940636938212,FB.199,0.005764
720575940622406260,FB.266,0.005701
720575940631725011,FB.229,0.00569
720575940613268370,FB.160,0.005665
720575940625787536,FB.35,0.005664
720575940623358099,FB.53,0.005617
720575940628377856,FB.MB_ML.1,0.005529
720575940622156148,FB.MB_ML.3,0.005492
720575940615463825,FB.298,0.005453
720575940646135940,SLP.FB.2,0.005437
720575940611181518,FB.MB_ML.9,0.005437
720575940636229183,FB.241,0.005414
720575940608370866,FB.243,0.005395
720575940623217132,FB.300,0.005394
720575940620197441,FB.360,0.00539
720575940622870666,FB.307,0.005386
720575940620014203,FB.MB_ML.2,0.005371
720575940635678942,FB.192,0.005364
720575940629909199,FB.121,0.005342
720575940617494232,FB.265,0.005257
720575940625579141,FB.204,0.005246
720575940634076115,FB.709,0.005239
720575940606483657,SLP.FB.4,0.005234
720575940621515391,FB.MB_ML.6,0.005226
720575940641173376,FB.403,0.005181
720575940612869269,EB.7,0.005175
720575940619200960,FB.208,0.005174
720575940619584421,FB.347,0.005168
720575940629468739,FB.317,0.005153
720575940621846783,FB.485,0.005146
720575940638709632,FB.299,0.005122
720575940622811116,FB.258,0.005115
720575940622815123,FB.420,0.005089
720575940628907524,FB.255,0.005078
720575940644658542,FB.390,0.00507
720575940644733975,FB.384,0.005063
720575940608480836,FB.256,0.005049
720575940635990640,FB.LAL.1,0.005035
720575940628576250,FB.318,0.005015
720575940621975081,FB.358,0.005
720575940626485514,SMP.FB.16,0.004998
720575940632735584,FB.353,0.004998
720575940605480806,FB.136,0.004994
720575940620156795,FB.272,0.004991
720575940614530098,FB.371,0.004985
720575940629174012,FB.166,0.004976
720575940653346550,FB.450,0.004976
720575940614966214,FB.285,0.004963
720575940623784231,FB.264,0.004944
720575940613704615,FB.224,0.004935
720575940622461320,FB.386,0.004919
720575940638901875,FB.LAL.29,0.00491
720575940625637562,FB.263,0.004899
720575940620245926,FB.641,0.004895
720575940609604875,FB.MB_ML.10,0.004871
720575940627082500,FB.147,0.004865
720575940631366483,FB.310,0.004857
720575940620058537,FB.283,0.004851
720575940614337130,FB.695,0.004849
720575940635632023,FB.262,0.004848
720575940620919646,FB.165,0.00479
720575940631983277,FB.275,0.004786
720575940605104049,FB.330,0.004773
720575940630007237,SMP.FB.21,0.004757
720575940628523819,FB.206,0.00474
720575940611904997,FB.456,0.004724
720575940625750415,FB.413,0.004724
720575940630256402,FB.374,0.004721
720575940618133371,FB.297,0.004698
720575940628211244,FB.293,0.004696
720575940619067374,FB.404,0.004689
720575940622942868,FB.257,0.004681
720575940615326779,FB.273,0.004674
720575940629483735,FB.385,0.004656
720575940610919778,FB.154,0.004654
720575940626972090,FB.238,0.004644
720575940625301604,FB.270,0.004638
720575940634145436,FB.142,0.004634
720575940628067846,FB.303,0.004629
720575940608434883,FB.748,0.004626
720575940616813858,FB.MB_ML.8,0.004621
720575940616040148,FB.437,0.00462
720575940623084471,FB.370,0.004612
720575940603676844,FB.213,0.004591
720575940630025528,FB.316,0.004551
720575940628860476,FB.344,0.004539
720575940630179781,FB.222,0.004535
720575940618746491,FB.MB_ML.7,0.00449
720575940616377659,FB.261,0.004483
720575940612895650,FB.328,0.004473
720575940619668206,FB.423,0.004446
720575940639702435,FB.152,0.004442
720575940627241402,FB.252,0.004424
720575940623450382,FB.471,0.004423
720575940619489088,FB.587,0.004419
720575940637824189,SLP.FB.3,0.004409
720575940610877098,FB.220,0.004406
720575940607938517,FB.710,0.004406
720575940632402588,FB.459,0.004393
720575940621193864,FB.472,0.004351
720575940628809687,SMP.FB.6,0.004337
720575940628136809,FB.286,0.004333
720575940627740922,FB.245,0.00433
720575940636735198,FB.466,0.00432
720575940640008400,FB.428,0.004287
720575940631785441,FB.253,0.004277
720575940627935610,FB.430,0.004276
720575940621765313,FB.250,0.004258
720575940636914287,FB.761,0.004249
720575940623392949,FB.432,0.004249
720575940616968733,FB.284,0.004244
720575940625880472,FB.547,0.004241
720575940613606041,FB.246,0.004186
720575940639065472,FB.240,0.004185
720575940638006128,FB.312,0.004181
720575940613132178,FB.197,0.004167
720575940623855117,FB.149,0.004159
720575940653612790,FB.397,0.004154
720575940634788600,FB.193,0.004153
720575940615285919,FB.141,0.004153
720575940608413705,FB.173,0.004132
720575940630819599,FB.215,0.004131
720575940631025219,FB.524,0.004129
720575940622217654,FB.473,0.004126
720575940612851367,FB.309,0.004123
720575940613550495,FB.225,0.004094
720575940618787841,FB.419,0.004092
720575940604709920,FB.209,0.004084
720575940638013759,CRE.FB.30,0.004079
720575940633744747,FB.467,0.004078
720575940640589683,FB.446,0.004073
720575940630822175,FB.291,0.004072
720575940630057258,FB.269,0.004041
720575940610908057,FB.349,0.004034
720575940614442090,FB.338,0.004015
720575940621825518,FB.501,0.004014
720575940617077533,FB.517,0.004011
720575940644870167,FB.383,0.004006
720575940644178468,FB.175,0.003999
720575940623781268,FB.414,0.003997
720575940621025037,FB.551,0.003996
720575940633982303,FB.621,0.003994
720575940616967508,FB.447,0.003989
720575940639184361,FB.421,0.003988
720575940635992718,FB.400,0.003978
720575940612211496,FB.425,0.003962
720575940619673664,FB.343,0.00396
720575940643323592,FB.247,0.003945
720575940611091780,FB.417,0.003938
720575940621782381,FB.235,0.003899
720575940624073452,FB.172,0.003891
720575940613711614,FB.758,0.003876
720575940635467150,FB.LAL.12,0.003872
720575940644706083,FB.LAL.2,0.003872
720575940624437735,FB.179,0.003871
720575940624307658,SMP.FB.8,0.00387
720575940614736559,SMP.FB.18,0.003865
720575940624077517,FB.184,0.003849
720575940630199759,FB.355,0.003845
720575940626798480,FB.388,0.003837
720575940619906219,FB.809,0.003818
720575940604481760,FB.205,0.003807
720575940621347583,FB.415,0.003803
720575940628206391,FB.515,0.003794
720575940620203340,FB.259,0.003782
720575940611963346,FB.237,0.00375
720575940641306765,FB.595,0.003747
720575940619489857,FB.642,0.003747
720575940621050228,FB.210,0.003746
720575940628789626,FB.435,0.003741
720575940612821997,FB.424,0.003739
720575940628219479,FB.292,0.003724
720575940624383892,FB.171,0.003718
720575940623904551,FB.320,0.003716
720575940628621563,FB.341,0.003712
720575940627730206,FB.488,0.003711
720575940643177495,FB.248,0.003704
720575940633936279,FB.512,0.003704
720575940615764061,FB.444,0.0037
720575940618694638,FB.361,0.003699
720575940637983814,FB.567,0.003694
720575940621832942,FB.170,0.003692
720575940629750138,LAL.FB.1,0.003691
720575940617155742,FB.569,0.003658
720575940633797677,FB.461,0.003653
720575940636841840,FB.227,0.003643
720575940612972693,FB.500,0.003633
720575940631958829,FB.280,0.003632
720575940612760994,SMP.FB.20,0.003622
720575940619578608,FB.598,0.003618
720575940623280457,FB.604,0.003613
720575940618407333,FB.591,0.003613
720575940612627058,FB.564,0.003611
720575940608839800,FB.664,0.003605
720575940619707728,FB.181,0.003605
720575940612615917,FB.315,0.003601
720575940620276400,FB.254,0.003599
720575940616005009,FB.380,0.003597
720575940621811182,FB.186,0.003592
720575940618129355,FB.542,0.003592
720575940631477677,FB.418,0.003588
720575940607862217,FB.518,0.003585
720575940606734182,FB.218,0.003582
720575940623536398,FB.277,0.003576
720575940630748876,FB.230,0.003564
720575940632097965,FB.290,0.003562
720575940621490968,FB.359,0.003561
720575940619866759,FB.211,0.00355
720575940625308162,FB.LAL.7,0.003549
720575940626138008,FB.294,0.003546
720575940622132872,FB.207,0.003537
720575940614515398,FB.495,0.003532
720575940617978526,FB.308,0.003523
720575940610634725,FB.675,0.003517
720575940608207317,FB.231,0.003516
720575940627965187,FB.311,0.003512
720575940626666345,FB.412,0.003507
720575940608179268,FB.678,0.003489
720575940624892858,FB.306,0.003477
720575940626316606,FB.194,0.003471
720575940616657989,FB.543,0.003466
720575940627194267,FB.304,0.003457
720575940644188439,FB.427,0.003454
720575940623759591,FB.295,0.003439
720575940622422711,FB.296,0.003436
720575940618295376,FB.169,0.003436
720575940633676479,FB.513,0.003431
720575940632720279,FB.325,0.003425
720575940632718944,FB.667,0.003423
720575940619673222,FB.416,0.003409
720575940620417797,FB.336,0.003407
720575940624611018,FB.395,0.003395
720575940622599679,FB.346,0.003394
720575940634407520,FB.200,0.003391
720575940617433627,SMP.FB.4,0.003377
720575940617047297,SMP.FB.12,0.003371
720575940613326250,FB.442,0.003363
720575940608548619,FB.339,0.00336
720575940619140262,FB.528,0.003358
720575940613429314,FB.943,0.00334
720575940625667721,SMP.FB.19,0.003335
720575940620571953,EB.6,0.003335
720575940625968792,FB.463,0.003326
720575940620941003,FB.398,0.003325
720575940619845547,EB.FB.5,0.003315
720575940625678650,FB.469,0.003314
720575940629331663,FB.514,0.003314
720575940602747360,FB.382,0.003295
720575940628382203,FB.369,0.003295
720575940625932275,FB.MB_ML.11,0.003294
720575940637224937,FB.366,0.003292
720575940636381673,SMP.FB.11,0.003289
720575940612920466,EB.163,0.003288
720575940617600064,FB.562,0.003276
720575940630814762,FB.402,0.003276
720575940624102670,FB.217,0.003268
720575940603197408,FB.350,0.003265
720575940630148655,FB.462,0.003262
720575940643182372,AOTU.FB.23,0.003261
720575940625796133,FB.196,0.003257
720575940629922934,FB.LAL.19,0.003242
720575940620223659,FB.187,0.00323
720575940627227654,SMP.FB.7,0.003226
720575940630556743,FB.493,0.003219
720575940609558136,FB.677,0.003218
720575940615889638,FB.662,0.003218
720575940637558618,FB.399,0.003216
720575940638070505,FB.574,0.003211
720575940638124656,FB.381,0.003209
720575940612973096,FB.794,0.003206
720575940608279747,FB.571,0.003195
720575940612772077,FB.212,0.00318
720575940614799154,FB.107,0.003177
720575940610670250,FB.464,0.003176
720575940626753935,SMP.FB.14,0.003157
720575940617236667,FB.475,0.003155
720575940618704043,FB.552,0.003155
720575940643922724,FB.555,0.003152
720575940636924479,FB.372,0.003151
720575940628716360,FB.391,0.003144
720575940627943966,FB.327,0.003142
720575940631625953,FB.999,0.003139
720575940619718209,FB.422,0.003137
720575940632830056,SMP.FB.17,0.003134
720575940618386321,FB.394,0.003133
720575940618792942,FB.337,0.003131
720575940621800586,FB.1004,0.003128
720575940620202266,FB.LAL.26,0.003126
720575940619615936,FB.499,0.003125
720575940620020694,EB.51,0.003115
720575940628174415,FB.178,0.003114
720575940637703750,FB.503,0.0031
720575940628014441,SLP.FB.1,0.003097
720575940640356149,SAD.FB.1,0.003092
720575940623889552,FB.580,0.003081
720575940641215104,FB.872,0.003077
720575940605754033,FB.322,0.003075
720575940607309577,FB.534,0.003074
720575940627357969,FB.191,0.003072
720575940645464099,SMP.FB.5,0.003071
720575940614013382,FB.544,0.003061
720575940634701025,FB.82,0.003053
720575940638278333,SMP.FB.10,0.003052
720575940629342479,FB.281,0.003048
720575940628705271,FB.356,0.003047
720575940625721331,FB.715,0.003046
720575940639596507,FB.635,0.003043
720575940614738956,FB.448,0.003042
720575940618174447,SMP.FB.31,0.003038
720575940634036159,NO.63,0.003031
720575940624306494,FB.549,0.003029
720575940627569658,FB.703,0.003016
720575940659184257,FB.522,0.003015
720575940616103254,FB.772,0.003011
720575940633519514,FB.577,0.003002
720575940612286259,FB.362,0.002999
720575940620657243,FB.335,0.002997
720575940616617245,FB.581,0.002995
720575940610665445,FB.631,0.002995
720575940619586676,FB.1051,0.00299
720575940625875402,FB.357,0.002983
720575940639924176,FB.365,0.002982
720575940626660358,FB.525,0.002979
720575940618945985,SMP.FB.13,0.002976
720575940621587396,FB.516,0.002972
720575940603731168,FB.331,0.002969
720575940621731475,FB.627,0.002966
720575940629112579,NO.FB.1,0.002963
720575940643745480,FB.288,0.002961
720575940627723338,FB.476,0.00296
720575940617501533,FB.405,0.00296
720575940634062328,FB.820,0.002952
720575940633741613,FB.314,0.00295
720575940606731529,FB.712,0.002945
720575940643829284,FB.364,0.002945
720575940632735545,FB.378,0.002935
720575940618963694,FB.693,0.00293
720575940612599013,FB.408,0.002929
720575940626469898,FB.436,0.002927
720575940612694568,FB.321,0.002914
720575940625556611,FB.532,0.002914
720575940632862177,FB.228,0.002908
720575940626793871,FB.453,0.002903
720575940613505703,FB.407,0.002897
720575940609648226,AOTU.FB.49,0.002894
720575940636212964,FB.666,0.002891
720575940631620689,FB.785,0.002887
720575940623088565,FB.1102,0.002882
720575940633173668,FB.201,0.002877
720575940616511813,FB.409,0.002875
720575940628708624,FB.686,0.002875
720575940613005937,FB.617,0.002874
720575940625703824,FB.183,0.00287
720575940621393573,FB.287,0.002869
720575940639322752,FB.221,0.002867
720575940604798910,FB.780,0.002856
720575940619082405,FB.907,0.00285
720575940623279357,FB.550,0.00285
720575940609079854,SMP.FB.15,0.002846
720575940625805906,AOTU.FB.27,0.002839
720575940629899628,FB.968,0.002837
720575940613762207,FB.630,0.002837
720575940624730638,FB.271,0.002826
720575940616330267,FB.491,0.002826
720575940603048108,FB.363,0.002821
720575940608328387,FB.226,0.002811
720575940633057762,FB.324,0.00281
720575940627038792,FB.234,0.002806
720575940616828969,FB.570,0.002802
720575940624940336,FB.559,0.002802
720575940629606475,FB.LAL.37,0.0028
720575940618198977,NO.FB.18,0.002799
720575940619259271,FB.348,0.002795
720575940606723081,FB.593,0.002793
720575940614018722,FB.279,0.002791
720575940622136129,FB.848,0.002784
720575940634221935,FB.367,0.002779
720575940602920364,FB.545,0.002773
720575940625899751,FB.863,0.002773
720575940630335596,FB.701,0.002769
720575940611468185,FB.944,0.002754
720575940630020409,FB.531,0.00275
720575940612107762,FB.411,0.002744
720575940616764731,FB.LAL.40,0.002743
720575940644492055,FB.332,0.002739
720575940615687380,FB.628,0.002726
720575940625863690,FB.739,0.002717
720575940616983862,FB.443,0.002704
720575940631839827,SMP.FB.9,0.002702
720575940624449428,FB.597,0.002701
720575940622125153,FB.455,0.002699
720575940647317113,AOTU.FB.50,0.002695
720575940627777527,FB.623,0.002684
720575940617787550,FB.873,0.002683
720575940623310780,FB.498,0.002677
720575940613090710,AOTU.FB.16,0.00267
720575940617801675,FB.568,0.002667
720575940622899453,FB.722,0.00266
720575940618733377,AOTU.FB.11,0.00266
720575940626356648,FB.917,0.002657
720575940622713638,FB.656,0.002642
720575940629699781,FB.326,0.002638
720575940628078908,AOTU.FB.39,0.002636
720575940623902307,FB.867,0.002631
720575940630019385,FB.736,0.002628
720575940634066424,FB.368,0.002623
720575940629196283,FB.882,0.002623
720575940629000603,FB.244,0.002621
720575940614546911,FB.406,0.00262
720575940610603214,FB.778,0.002616
720575940622683491,FB.508,0.002615
720575940610051733,CRE.FB.4,0.002613
720575940610070626,SLP.FB.6,0.00261
720575940629836611,FB.881,0.002609
720575940604067761,FB.632,0.002603
720575940653347830,FB.478,0.002603
720575940618463960,FB.529,0.002602
720575940626196732,FB.202,0.002601
720575940623815155,FB.655,0.0026
720575940621088536,NO.FB.11,0.002597
720575940622234326,FB.LAL.24,0.002593
720575940617812273,SMP.FB.22,0.002592
720575940633792595,FB.313,0.002581
720575940613605698,FB.389,0.002568
720575940629424202,FB.590,0.002562
720575940644047908,FB.483,0.00256
720575940631572305,FB.302,0.002558
720575940631151663,FB.LAL.14,0.002552
720575940651565558,FB.573,0.002549
720575940614336106,FB.629,0.002546
720575940616856645,FB.607,0.002544
720575940634489592,FB.733,0.002536
720575940620492373,CRE.FB.6,0.002533
720575940625535621,FB.484,0.002529
720575940620428225,CRE.FB.3,0.002522
720575940627342211,FB.864,0.002519
720575940620932813,FB.768,0.002519
720575940619060289,FB.1063,0.002518
720575940625938856,FB.738,0.002518
720575940623164856,FB.846,0.002517
720575940627228328,FB.789,0.002513
720575940606933634,FB.572,0.002509
720575940618468957,FB.410,0.002507
720575940633515420,FB.333,0.002505
720575940646796932,SLP.142,0.002505
720575940619104027,FB.490,0.002504
720575940628628987,FB.203,0.0025
720575940604074174,FB.600,0.002499
720575940630892344,FB.622,0.002493
720575940608312924,FB.457,0.002491
720575940620760429,FB.486,0.002488
720575940626371898,FB.842,0.002485
720575940618590923,FB.1010,0.002481
720575940627460337,FB.653,0.00248
720575940619196398,FB.793,0.002478
720575940621512291,FB.658,0.002476
720575940615965323,FB.616,0.002475
720575940614413106,FB.673,0.002469
720575940609663442,FB.CRE.4,0.002468
720575940629860683,FB.801,0.002467
720575940621231459,FB.849,0.002467
720575940631483167,FB.700,0.002465
720575940612692963,FB.663,0.002464
720575940636413176,EB.221,0.002463
720575940637242421,FB.392,0.002457
720575940623712656,FB.560,0.002447
720575940614638011,FB.647,0.002444
720575940636969182,FB.683,0.002444
720575940615183755,NO.FB.25,0.002434
720575940630019323,NO.FB.12,0.002433
720575940641567885,FB.680,0.002433
720575940612689645,FB.563,0.002425
720575940618177739,FB.757,0.002413
720575940621613508,CRE.FB.14,0.002413
720575940617241019,FB.289,0.002409
720575940637912739,FB.819,0.002407
720575940631639972,FB.354,0.002406
720575940623430621,FB.LAL.15,0.002402
720575940612243918,CRE.FB.5,0.002399
720575940624562952,NO.FB.17,0.002397
720575940622943731,FB.561,0.002394
720575940612925078,FB.554,0.002389
720575940633537823,FB.823,0.002382
720575940630427340,FB.1059,0.00238
720575940622016169,CRE.FB.2,0.002374
720575940613152175,CRE.FB.9,0.002373
720575940637674915,FB.1044,0.002373
720575940620129694,FB.454,0.002373
720575940658531713,FB.546,0.00237
720575940621496956,NO.99,0.002364
720575940630764359,FB.717,0.002363
720575940641239181,FB.681,0.002359
720575940618388615,FB.831,0.002359
720575940612421101,FB.729,0.002353
720575940633412971,FB.783,0.002352
720575940635395429,FB.913,0.002352
720575940604444081,FB.535,0.002349
720575940641557133,FB.877,0.002347
720575940618651608,FB.614,0.002347
720575940635038309,FB.530,0.002346
720575940632339682,NO.FB.10,0.002343
720575940621176564,FB.479,0.00234
720575940618995541,FB.481,0.002338
720575940635568480,FB.980,0.002337
720575940631863583,FB.301,0.002335
720575940622069347,FB.541,0.002332
720575940619322221,FB.474,0.00233
720575940612599533,FB.510,0.00233
720575940622087816,FB.887,0.002329
720575940622941447,SMP.FB.23,0.002325
720575940623466632,EB.126,0.002321
720575940616200298,FB.792,0.002318
720575940615193138,FB.599,0.002317
720575940630696399,FB.429,0.002316
720575940631729720,FB.401,0.002316
720575940627446090,CRE.FB.15,0.00231
720575940622438634,FB.540,0.002309
720575940631004728,FB.506,0.002307
720575940626408177,FB.441,0.002306
720575940661139073,FB.480,0.002302
720575940630900983,FB.923,0.0023
720575940623539976,FB.345,0.002293
720575940626533714,FB.669,0.002289
720575940626375305,FB.468,0.002287
720575940621838826,FB.657,0.002284
720575940641591248,FB.742,0.002275
720575940633924653,FB.674,0.002274
720575940627653114,EB.80,0.002271
720575940618744047,FB.613,0.002271
720575940626429383,FB.624,0.002271
720575940607837707,FB.711,0.002266
720575940626304936,FB.687,0.002264
720575940619100180,FB.387,0.002262
720575940612922339,FB.482,0.00226
720575940628999929,FB.753,0.002257
720575940613348271,FB.648,0.002253
720575940637804915,FB.451,0.002249
720575940639468789,FB.584,0.002247
720575940626090782,FB.767,0.002245
720575940615961739,FB.1066,0.002244
720575940638113085,FB.1017,0.002243
720575940628458812,FB.718,0.002243
720575940609913646,FB.582,0.002243
720575940614939990,FB.745,0.002239
720575940631100124,FB.1034,0.002239
720575940625816212,FB.874,0.002239
720575940634046399,FB.837,0.002238
720575940619376577,CRE.FB.1,0.002238
720575940626471957,FB.LAL.38,0.002236
720575940616819345,FB.342,0.002235
720575940615921803,CRE.FB.36,0.002219
720575940630591506,FB.638,0.002219
720575940637455593,FB.434,0.002215
720575940613151911,SMP.FB.32,0.002214
720575940623808526,FB.936,0.002214
720575940629372747,FB.787,0.002213
720575940608702475,FB.465,0.002213
720575940624103399,FB.579,0.002209
720575940619141405,FB.810,0.002209
720575940622897917,CRE.FB.17,0.002208
720575940623801125,FB.741,0.002204
720575940627798654,FB.804,0.002204
720575940630941783,FB.373,0.002204
720575940621765467,CRE.FB.10,0.002202
720575940625144604,FB.470,0.0022
720575940630504991,FB.1095,0.002198
720575940650870774,FB.650,0.002196
720575940623325932,FB.955,0.002195
720575940635223152,FB.556,0.002195
720575940630087030,FB.588,0.002194
720575940633173412,FB.352,0.002193
720575940606683228,FB.649,0.002193
720575940629757496,FB.668,0.002192
720575940610440049,FB.676,0.002191
720575940625649726,FB.1099,0.002187
720575940625968515,FB.526,0.002178
720575940619293622,FB.691,0.002168
720575940616811584,FB.726,0.002164
720575940645927812,FB.896,0.002163
720575940623154407,FB.826,0.002161
720575940615706966,FB.646,0.002153
720575940604842924,EB.150,0.002149
720575940621076144,FB.MB_ML.17,0.002148
720575940616973313,FB.489,0.002147
720575940611185123,FB.795,0.002144
720575940627557909,FB.334,0.002137
720575940615673949,FB.1052,0.002137
720575940617828731,NO.EB.3,0.002136
720575940622252865,FB.377,0.002134
720575940625131913,NO.FB.50,0.002133
720575940626510666,FB.602,0.002132
720575940626973821,FB.507,0.002132
720575940618745424,FB.379,0.002131
720575940630539335,FB.652,0.002128
720575940626314061,FB.609,0.002127
720575940631426700,FB.786,0.002124
720575940604349630,FB.458,0.002124
720575940622986219,PB.FB.2,0.002112
720575940607864841,FB.749,0.002112
720575940605124482,FB.751,0.002112
720575940624222014,FB.670,0.002105
720575940628802632,FB.1105,0.002103
720575940637924324,CRE.FB.11,0.002099
720575940624583708,FB.654,0.002098
720575940602831328,FB.665,0.002098
720575940626814666,FB.487,0.002097
720575940617949861,FB.615,0.002093
720575940615654715,FB.1259,0.002082
720575940606198473,CRE.FB.24,0.002076
720575940605554354,FB.583,0.002071
720575940638888819,FB.585,0.002067
720575940627831657,FB.720,0.002065
720575940634909807,FB.393,0.002064
720575940631725087,FB.784,0.002064
720575940612316847,FB.858,0.00206
720575940608745006,FB.796,0.002059
720575940626180358,FB.610,0.002048
720575940643921444,FB.274,0.002047
720575940628144254,FB.537,0.002046
720575940627901687,FB.788,0.002037
720575940620478847,NO.FB.37,0.002037
720575940612318673,FB.592,0.002036
720575940616826409,FB.853,0.002035
720575940622345933,FB.689,0.002033
720575940622366540,FB.707,0.002029
720575940623540557,FB.603,0.002028
720575940631911905,FB.460,0.002025
720575940614639035,FB.1053,0.002025
720575940625328842,SLP.FB.15,0.002024
720575940638055024,FB.SMP.23,0.002022
720575940623256757,CRE.FB.7,0.002022
720575940626479674,FB.1047,0.002021
720575940619084891,SLP.FB.10,0.002021
720575940622605320,CRE.FB.26,0.002013
720575940629112060,FB.267,0.002009
720575940610095322,FB.1140,0.002007
720575940620156326,FB.509,0.002004
720575940631086649,FB.637,0.002004
720575940624323592,CRE.FB.22,0.002004
720575940607613707,FB.511,0.002001
720575940620700886,FB.808,0.002
720575940636730694,EB.39,0.001997
720575940620350332,FB.976,0.001995
720575940620191777,FB.690,0.001992
720575940631814085,FB.815,0.001992
720575940618236752,FB.1081,0.001991
720575940613714430,NO.FB.24,0.00199
720575940611939026,PB.FB.6,0.001985
720575940616400704,FB.727,0.001985
720575940623222542,FB.640,0.001984
720575940628493572,EB.23,0.001981
720575940619476126,EB.161,0.00198
720575940631614675,FB.557,0.001978
720575940611006170,FB.1085,0.001977
720575940616204091,FB.728,0.001973
720575940617172436,AOTU.FB.3,0.001973
720575940607285001,NO.FB.5,0.001972
720575940618403719,NO.FB.2,0.001972
720575940637260622,FB.504,0.001972
720575940625415196,SMP.FB.25,0.00197
720575940613754527,PB.FB.1,0.001963
720575940611376882,FB.1014,0.00196
720575940618679280,FB.1080,0.001959
720575940624895821,FB.918,0.001959
720575940623590221,FB.611,0.001959
720575940625378121,FB.724,0.001956
720575940627426919,FB.840,0.001955
720575940627929722,FB.754,0.001948
720575940625021796,EB.138,0.001948
720575940613829535,FB.LAL.42,0.001944
720575940616885824,FB.LAL.44,0.001943
720575940625146109,FB.376,0.001941
720575940644674851,CRE.FB.13,0.001939
720575940613440479,FB.1182,0.001934
720575940624012350,FB.431,0.001931
720575940615783097,FB.773,0.001931
720575940606646962,FB.834,0.001929
720575940625541434,PB.FB.4,0.001929
720575940612892670,NO.FB.39,0.001928
720575940610810482,FB.833,0.001926
720575940638252672,FB.697,0.001922
720575940646126644,FB.1270,0.001921
720575940613200559,CRE.FB.31,0.001918
720575940632992922,FB.699,0.001918
720575940619829765,EB.280,0.001912
720575940638310784,FB.636,0.001908
720575940632424011,FB.565,0.001906
720575940631398308,FB.340,0.001904
720575940616839654,FB.1082,0.001904
720575940621276952,PB.FB.3,0.001903
720575940629133820,FB.1325,0.001902
720575940609777476,FB.520,0.001902
720575940622184701,FB.1049,0.0019
720575940622846099,FB.847,0.001899
720575940615748025,FB.645,0.001898
720575940607343829,FB.750,0.001898
720575940626923029,FB.1076,0.001898
720575940640002256,FB.536,0.001896
720575940638076733,NO.7,0.001889
720575940606436384,FB.538,0.001888
720575940625516830,EB.152,0.001885
720575940616027037,FB.892,0.00188
720575940620080798,FB.1157,0.001878
720575940630252955,SMP.FB.42,0.001877
720575940634376440,SLP.FB.9,0.001872
720575940619172079,AOTU.FB.4,0.001872
720575940632259865,FB.898,0.001868
720575940608047299,NO.8,0.001866
720575940623880013,FB.886,0.001863
720575940618688276,FB.925,0.001863
720575940642870820,FB.964,0.001861
720575940630111628,FB.1191,0.001854
720575940628967168,CRE.FB.28,0.001851
720575940635886057,FB.1144,0.001849
720575940614615557,FB.672,0.001847
720575940612942998,AOTU.FB.19,0.001847
720575940630145071,SLP.FB.12,0.00184
720575940626063944,FB.721,0.001831
720575940614920379,NO.2,0.001831
720575940622569827,PB.78,0.001828
720575940626102790,FB.902,0.001827
720575940637057614,FB.575,0.001826
720575940627426069,FB.737,0.001819
720575940610268366,FB.816,0.001816
720575940630979748,FB.953,0.001814
720575940610165205,CRE.FB.19,0.001811
720575940621616518,SMP.FB.45,0.001808
720575940633135455,FB.1148,0.001801
720575940613300722,LAL.FB.2,0.0018
720575940628088823,FB.1195,0.001798
720575940633305951,AOTU.FB.47,0.001797
720575940634996878,AOTU.FB.24,0.001796
720575940625439690,CRE.FB.32,0.001794
720575940636063204,FB.PB.1,0.001793
720575940630836807,FB.822,0.001788
720575940626038403,SLP.FB.14,0.001788
720575940619967727,FB.977,0.001787
720575940619766655,FB.1159,0.001785
720575940639279679,FB.975,0.001783
720575940631080552,FB.821,0.001779
720575940610642289,FB.895,0.001777
720575940613250735,FB.SMP.7,0.001777
720575940645009699,NO.FB.15,0.001777
720575940642984471,FB.1121,0.001776
720575940619111846,FB.606,0.001776
720575940628567034,FB.639,0.001775
720575940634752225,FB.1006,0.001773
720575940629615417,SMP.FB.27,0.001772
720575940626397127,FB.1131,0.00177
720575940628320515,FB.764,0.001769
720575940613214098,NO.FB.22,0.001767
720575940630692143,FB.760,0.001766
720575940633242449,FB.601,0.001766
720575940627385031,NO.FB.19,0.001765
720575940611606830,FB.643,0.001763
720575940630849325,FB.440,0.001761
720575940625653223,EB.116,0.00176
720575940623738516,FB.1201,0.001759
720575940658155393,FB.492,0.001757
720575940629343196,FB.1126,0.001757
720575940646707076,FB.679,0.001755
720575940638060632,PB.FB.5,0.001752
720575940632769175,FB.496,0.00175
720575940625951321,NO.FB.52,0.00175
720575940627779560,CRE.FB.8,0.001749
720575940629955915,FB.684,0.001748
720575940615785755,FB.1012,0.001747
720575940613793302,SLP.FB.17,0.001744
720575940636702174,FB.714,0.001744
720575940612122152,FB.910,0.001744
720575940610409957,FB.961,0.001743
720575940618867627,FB.612,0.001741
720575940619085478,NO.5,0.00174
720575940624166949,FB.625,0.001738
720575940637906803,FB.682,0.001736
720575940639590528,NO.FB.26,0.001736
720575940632716128,FB.734,0.001734
720575940627900871,CRE.FB.21,0.001729
720575940624417052,FB.806,0.001729
720575940611725738,FB.747,0.001728
720575940648742777,FB.439,0.001724
720575940630404655,FB.899,0.001723
720575940629213639,EB.139,0.001721
720575940612131025,FB.960,0.001719
720575940618225067,FB.756,0.001718
720575940625848330,AOTU.FB.21,0.001717
720575940612053106,FB.502,0.001712
720575940613959180,FB.926,0.00171
720575940615177099,EB.140,0.001709
720575940625506027,EB.300,0.001709
720575940620632652,FB.725,0.001706
720575940614773032,FB.608,0.001705
720575940622422507,FB.LAL.48,0.001701
720575940610147790,FB.1015,0.001701
720575940620317564,CRE.FB.27,0.001701
720575940624483216,FB.885,0.001695
720575940631638073,FB.759,0.001695
720575940630800066,FB.494,0.001694
720575940636996324,SMP.FB.33,0.001694
720575940617425781,EB.262,0.00169
720575940613842700,FB.1112,0.001685
720575940626819088,FB.805,0.001684
720575940635814512,NO.78,0.001682
720575940622228918,FB.879,0.001679
720575940623290603,FB.989,0.001676
720575940624602957,FB.589,0.001674
720575940637477565,FB.798,0.001673
720575940627109116,FB.319,0.001672
720575940611612018,NO.FB.57,0.001672
720575940628668610,FB.970,0.001669
720575940641981600,FB.713,0.001667
720575940629229586,FB.900,0.001663
720575940631255656,FB.800,0.001663
720575940630306095,FB.558,0.001659
720575940615134011,FB.774,0.001657
720575940618858837,NO.FB.6,0.001655
720575940611726829,FB.911,0.001654
720575940612272424,FB.LAL.46,0.001652
720575940609019512,NO.FB.58,0.001648
720575940619503445,NO.14,0.001646
720575940615929584,FB.438,0.001645
720575940624282430,FB.705,0.001642
720575940622351999,FB.SMP.2,0.001642
720575940625905295,FB.1077,0.001634
720575940623698324,EB.175,0.001634
720575940630089031,FB.445,0.001633
720575940626780422,AOTU.FB.26,0.001633
720575940626778217,FB.790,0.00163
720575940628856514,CRE.FB.25,0.001629
720575940616829481,FB.644,0.001629
720575940630894583,FB.1256,0.001627
720575940624093884,FB.935,0.001627
720575940615468703,FB.1162,0.001626
720575940604064958,FB.962,0.001622
720575940648482425,FB.594,0.001618
720575940626012072,FB.477,0.001618
720575940612852898,FB.927,0.001617
720575940622296573,NO.FB.27,0.001616
720575940632423442,FB.939,0.001615
720575940622841037,CRE.FB.12,0.001614
720575940610137969,FB.912,0.001613
720575940626658577,FB.497,0.001613
720575940626048540,AOTU.FB.20,0.001611
720575940628057862,FB.452,0.001608
720575940622994151,FB.1202,0.001608
720575940632803007,FB.931,0.001608
720575940624617397,NO.6,0.001602
720575940642492360,FB.1216,0.001599
720575940624323475,EB.354,0.001596
720575940611679461,FB.1068,0.001595
720575940611211542,FB.947,0.001595
720575940627433288,LAL.FB.6,0.001594
720575940621255011,FB.827,0.001594
720575940612012566,SMP.FB.41,0.001592
720575940627126787,FB.973,0.001591
720575940625969064,FB.974,0.001591
720575940613275311,CRE.FB.16,0.001588
720575940606591836,EB.260,0.001586
720575940639473909,NO.FB.20,0.001584
720575940642877088,EB.148,0.001583
720575940638857424,FB.731,0.001581
720575940624560392,FB.688,0.00158
720575940616221401,FB.1306,0.001579
720575940654008993,NO.FB.63,0.001572
720575940627054988,FB.868,0.001571
720575940627424199,FB.596,0.00157
720575940614294175,FB.908,0.00157
720575940619126950,FB.692,0.00157
720575940630398551,FB.1021,0.001567
720575940626781522,NO.FB.9,0.001561
720575940628029634,NO.FB.33,0.001561
720575940613818690,SLP.FB.11,0.00156
720575940618374558,FB.553,0.001557
720575940616502175,EB.GA.1,0.001555
720575940641715144,FB.876,0.001554
720575940636330217,FB.861,0.00155
720575940609214072,FB.818,0.001544
720575940634308959,FB.576,0.001535
720575940638305853,FB.965,0.001531
720575940625683077,FB.843,0.001531
720575940631369149,NO.153,0.001528
720575940631119827,FB.276,0.001525
720575940631701499,CRE.FB.39,0.001524
720575940611453041,FB.1032,0.001522
720575940633791571,FB.740,0.00152
720575940614298474,FB.533,0.001517
720575940628763002,NO.FB.65,0.001516
720575940606958859,FB.SMP.49,0.001515
720575940613748895,SMP.FB.43,0.001512
720575940650338038,FB.797,0.00151
720575940624773916,FB.1247,0.001508
720575940624065038,FB.539,0.001507
720575940623131319,FB.755,0.001505
720575940622746365,FB.1156,0.001503
720575940615502130,NO.FB.42,0.0015
720575940627425276,CRE.FB.29,0.001497
720575940640164029,FB.775,0.001496
720575940651558646,FB.633,0.001494
720575940630580255,FB.914,0.001494
720575940643259336,FB.634,0.001494
720575940612327446,FB.875,0.00149
720575940623436531,FB.1172,0.001484
720575940618622191,FB.1137,0.001482
720575940627617866,FB.1037,0.001481
720575940609774434,FB.1233,0.001477
720575940630541416,FB.866,0.001473
720575940631372369,EB.143,0.001473
720575940623540813,FB.1155,0.001468
720575940639693008,FB.836,0.001461
720575940632646189,CRE.FB.20,0.00146
720575940632372380,FB.716,0.001459
720575940625395096,FB.1002,0.001458
720575940619006272,EB.355,0.001458
720575940640698064,FB.996,0.001457
720575940619994294,FB.659,0.001457
720575940651290358,SMP.2115,0.001456
720575940637475561,FB.LAL.47,0.001455
720575940610931058,AOTU.FB.28,0.001454
720575940610813682,FB.894,0.001452
720575940624023480,FB.919,0.001451
720575940611718885,FB.519,0.001451
720575940637354047,FB.586,0.001445
720575940610682261,NO.115,0.001443
720575940618781861,FB.924,0.001442
720575940616828201,FB.940,0.001441
720575940616199892,CRE.FB.23,0.001441
720575940608982392,FB.1087,0.00144
720575940643638807,FB.860,0.001437
720575940617585624,NO.FB.38,0.001437
720575940630411311,FB.1046,0.001436
720575940619989765,FB.1008,0.001436
720575940618997440,NO.FB.44,0.001434
720575940640785267,NO.FB.31,0.001434
720575940611102469,NO.FB.45,0.001433
720575940638542424,NO.FB.28,0.001432
720575940622226870,FB.950,0.001432
720575940615748753,NO.142,0.00143
720575940612234467,FB.1067,0.001428
720575940635319407,FB.1018,0.001427
720575940619234241,FB.1040,0.001424
720575940628883838,FB.1060,0.001424
720575940625680784,CRE.FB.34,0.001421
720575940628164140,FB.765,0.00142
720575940628940994,SMP.FB.24,0.001419
720575940607848649,FB.SMP.5,0.001419
720575940615133755,FB.942,0.001418
720575940625864581,FB.SMP.10,0.001416
720575940620314304,FB.769,0.001406
720575940616842141,NO.60,0.001404
720575940638678131,FB.732,0.001399
720575940633271447,FB.897,0.001396
720575940624295096,FB.845,0.001392
720575940624180263,EB.162,0.001391
720575940627212806,SMP.FB.28,0.001388
720575940628990713,FB.702,0.001386
720575940627104259,FB.704,0.001384
720575940631824332,FB.505,0.001384
720575940630463007,FB.1353,0.001381
720575940610636773,FB.1069,0.00138
720575940618050776,FB.1107,0.00138
720575940616324386,FB.1065,0.001371
720575940614298730,SMP.FB.26,0.001369
720575940620027515,EB.5,0.001369
720575940625218685,EB.277,0.001367
720575940630736170,FB.1000,0.001365
720575940628386942,FB.578,0.001365
720575940636129758,FB.862,0.001361
720575940618928981,FB.744,0.001359
720575940626609128,FB.766,0.001359
720575940629139708,FB.1282,0.001356
720575940625453145,NO.92,0.001354
720575940611284659,FB.433,0.001353
720575940637066352,FB.620,0.001346
720575940612824978,FB.776,0.001345
720575940610440371,FB.730,0.001345
720575940625760017,FB.904,0.001341
720575940620831308,FB.921,0.00134
720575940623175969,FB.856,0.00134
720575940616520517,FB.708,0.001338
720575940629712727,NO.FB.23,0.001338
720575940622610726,FB.626,0.001338
720575940614073315,EB.271,0.001338
720575940626859599,FB.1242,0.001337
720575940629700138,FB.915,0.001331
720575940620356822,FB.1007,0.001328
720575940635152153,EB.118,0.001328
720575940612334946,FB.723,0.001324
720575940609261922,FB.696,0.001324
720575940623023287,FB.956,0.001321
720575940627299483,EB.337,0.001317
720575940621360264,FB.SMP.3,0.001312
720575940618523585,FB.830,0.001311
720575940617193886,FB.1287,0.001308
720575940616586077,FB.891,0.001305
720575940629703722,FB.685,0.001303
720575940623044327,FB.743,0.001302
720575940620925899,SMP.FB.40,0.001301
720575940622781624,FB.1103,0.0013
720575940625819535,AOTU.BU.13,0.001299
720575940625952584,FB.1170,0.001299
720575940629758762,NO.FB.32,0.001298
720575940610615269,NO.FB.40,0.001298
720575940610237394,FB.859,0.001297
720575940608014549,FB.995,0.001297
720575940620818977,NO.FB.34,0.001294
720575940605380274,FB.1185,0.001293
720575940618970606,FB.1136,0.001292
720575940611527794,NO.34,0.001286
720575940632496938,FB.752,0.001284
720575940626351256,FB.CRE.16,0.001283
720575940630631736,FB.LAL.45,0.001283
720575940626526986,SLP.FB.13,0.001282
720575940616440537,FB.660,0.001281
720575940621355034,FB.605,0.001281
720575940649126009,FB.835,0.001281
720575940626500233,FB.986,0.001281
720575940635412622,NO.FB.43,0.00128
720575940616231252,FB.812,0.001276
720575940616323101,FB.941,0.001275
720575940611243690,FB.777,0.001273
720575940605384882,FB.779,0.001272
720575940627618801,FB.985,0.001271
720575940632091929,FB.880,0.001269
720575940627712335,FB.1130,0.001269
720575940644745120,SAD.FB.2,0.001268
720575940615914613,FB.1011,0.001267
720575940610716786,FB.1115,0.001266
720575940634772671,FB.1036,0.001262
720575940609648942,FB.994,0.00126
720575940603964774,EB.287,0.00126
720575940628207951,FB.971,0.001258
720575940628585978,FB.916,0.001255
720575940617797169,FB.811,0.001253
720575940621132253,FB.1062,0.001253
720575940614308283,FB.814,0.001251
720575940621585446,FB.1252,0.00125
720575940632934355,FB.838,0.001249
720575940625493604,FB.CRE.15,0.001246
720575940611210866,FB.1033,0.001246
720575940650516214,FB.781,0.001244
720575940628797512,FB.850,0.001243
720575940631282247,LAL.FB.3,0.001243
720575940635887593,FB.951,0.00124
720575940632994399,EB.274,0.001238
720575940627269562,FB.906,0.001238
720575940639812304,FB.997,0.001238
720575940608352451,FB.1043,0.001237
720575940636191977,FB.651,0.001234
720575940631049519,NO.FB.30,0.001232
720575940627653502,CRE.FB.35,0.001232
720575940627046479,FB.1199,0.00123
720575940613338521,EB.238,0.001229
720575940626355081,FB.901,0.001226
720575940632669977,NO.FB.8,0.001217
720575940630769612,FB.1073,0.001216
720575940637195895,FB.938,0.001214
720575940622451699,FB.1302,0.001214
720575940645057828,EB.107,0.001214
720575940622523101,SMP.FB.30,0.001213
720575940642860192,FB.523,0.001212
720575940621424854,FB.1304,0.001211
720575940620789697,PB.FB.8,0.001208
720575940613682602,FB.992,0.001205
720575940637898072,FB.782,0.001204
720575940616470417,FB.1108,0.001204
720575940610160789,FB.817,0.001203
720575940628194895,FB.1025,0.001203
720575940612248743,FB.982,0.001199
720575940609370466,FB.948,0.001198
720575940615654100,NO.FB.41,0.001197
720575940610177203,NO.68,0.001197
720575940625636964,FB.548,0.001195
720575940632074521,FB.735,0.001191
720575940605756081,FB.521,0.001191
720575940617934576,FB.CRE.18,0.001191
720575940629111035,FB.CRE.19,0.001189
720575940627174928,FB.1198,0.001188
720575940630792275,FB.1189,0.001187
720575940624824963,FB.1100,0.001183
720575940624276410,FB.CRE.17,0.001183
720575940642071968,NO.135,0.001182
720575940628675948,FB.954,0.001178
720575940623220372,AOTU.FB.7,0.001177
720575940615985449,FB.855,0.001176
720575940624700674,FB.884,0.001174
720575940621216169,SMP.FB.29,0.001173
720575940616218452,FB.661,0.001173
720575940628073235,FB.1163,0.001173
720575940619972446,FB.1286,0.001172
720575940609579470,AOTU.FB.22,0.001171
720575940611419414,FB.1042,0.00117
720575940612937073,EB.111,0.001169
720575940629864515,FB.1238,0.001168
720575940607246549,EB.297,0.001168
720575940630755276,EB.270,0.001167
720575940654856353,FB.566,0.001162
720575940604065470,FB.1016,0.001161
720575940614038751,FB.1111,0.001159
720575940631822663,AOTU.FB.13,0.001158
720575940619832188,FB.1009,0.001158
720575940622200042,FB.1173,0.001157
720575940623219463,EB.199,0.001155
720575940626894588,NO.45,0.001154
720575940618437979,FB.852,0.001152
720575940615712468,FB.1307,0.001151
720575940622940967,NO.FB.35,0.00115
720575940612939154,NO.FB.46,0.00115
720575940631303212,FB.671,0.001149
720575940617644372,AOTU.FB.15,0.001145
720575940611550701,FB.1291,0.001145
720575940610306146,FB.983,0.001145
720575940638494416,NO.69,0.001143
720575940634843247,NO.FB.29,0.001142
720575940626205702,FB.1098,0.001141
720575940630268044,FB.1190,0.001141
720575940645273652,FB.1056,0.00114
720575940615018838,FB.813,0.00114
720575940629469378,AOTU.CRE.16,0.001139
720575940630982712,SMP.FB.38,0.001137
720575940629733114,EB.167,0.001136
720575940627669886,FB.972,0.001135
720575940620719273,FB.828,0.001133
720575940632677331,FB.1274,0.001131
720575940624364474,FB.1061,0.001131
720575940612585011,FB.893,0.00113
720575940629202681,FB.1023,0.001128
720575940625817256,FB.1244,0.001126
720575940626315207,PB.17,0.001115
720575940629827907,FB.762,0.001114
720575940626898504,FB.869,0.001114
720575940634360824,NO.40,0.001114
720575940630329820,FB.1299,0.001112
720575940616445250,EB.285,0.00111
720575940629823993,FB.969,0.00111
720575940652733089,FB.1142,0.00111
720575940618772870,FB.851,0.001107
720575940624836810,NO.73,0.001105
720575940634809230,FB.1090,0.001102
720575940620391337,NO.114,0.0011
720575940616913339,FB.SMP.1,0.0011
720575940625781180,FB.1268,0.001099
720575940618153153,NO.65,0.001099
720575940627299227,EB.251,0.001099
720575940622392299,FB.791,0.001097
720575940610151130,FB.1117,0.001096
720575940618624239,FB.871,0.001095
720575940627306124,FB.1197,0.001092
720575940629983884,FB.1074,0.001092
720575940638576462,FB.1122,0.00109
720575940624126183,FB.1154,0.001088
720575940629535788,FB.1001,0.001087
720575940612892306,FB.1264,0.001087
720575940621117684,FB.920,0.001087
720575940618884299,FB.870,0.001085
720575940625029925,FB.1153,0.001084
720575940643221271,NO.107,0.001083
720575940619327041,FB.922,0.001082
720575940617773865,FB.694,0.00108
720575940629538858,FB.802,0.00108
720575940637745853,FB.878,0.001071
720575940618814424,FB.1161,0.001069
720575940628137222,CRE.FB.33,0.001064
720575940629497462,NO.58,0.001064
720575940629135378,FB.1149,0.001058
720575940627916410,FB.934,0.001058
720575940626534986,NO.105,0.001054
720575940644615790,FB.CRE.22,0.001053
720575940627851458,FB.1196,0.001052
720575940612154664,FB.1084,0.00105
720575940638490531,NO.57,0.00105
720575940621372713,FB.1347,0.001048
720575940620147067,FB.959,0.001046
720575940619051088,NO.141,0.001043
720575940628386686,FB.719,0.001043
720575940617736827,FB.890,0.001042
720575940628766780,FB.824,0.001041
720575940611263602,FB.832,0.001041
720575940643915300,EB.122,0.00104
720575940615846356,AOTU.FB.10,0.00104
720575940638017862,NO.52,0.001038
720575940634248184,FB.1045,0.001037
720575940632841367,FB.865,0.001036
720575940628810071,FB.803,0.001036
720575940632059673,FB.1222,0.001032
720575940615877410,FB.1180,0.001031
720575940630844447,FB.1094,0.001031
720575940626302982,FB.987,0.001028
720575940632088857,FB.1275,0.001027
720575940604833982,FB.1164,0.001025
720575940624863516,FB.844,0.001022
720575940625604098,FB.1048,0.00102
720575940624331722,FB.CRE.36,0.001018
720575940619578352,FB.1134,0.001014
720575940620339438,FB.829,0.001013
720575940633658559,NO.9,0.001013
720575940627097862,CRE.FB.40,0.001012
720575940613674663,NO.FB.56,0.001009
720575940607527381,FB.949,0.001008
720575940626158223,FB.SMP.17,0.001006
720575940642486747,NO.43,0.001005
720575940604561766,NO.94,0.001004
720575940652886177,SMP.FB.36,0.001002
720575940628218959,NO.139,0.001001
720575940619226689,FB.889,0.000998
720575940608242756,FB.1054,0.000996
720575940626347848,FB.825,0.000993
720575940617921877,FB.771,0.000993
720575940638662232,NO.39,0.000992
720575940627799808,FB.1278,0.000992
720575940629947704,FB.SMP.9,0.000992
720575940623956813,FB.1029,0.000991
720575940620224801,FB.1050,0.000989
720575940607287305,NO.FB.48,0.000977
720575940629552633,FB.763,0.000976
720575940630666404,EB.144,0.000974
720575940622908660,FB.1064,0.000974
720575940637344613,FB.903,0.000973
720575940620007589,FB.1133,0.000972
720575940626666857,FB.1200,0.000971
720575940612824239,FB.1265,0.000971
720575940621764490,NO.FB.36,0.00097
720575940629315900,FB.1194,0.000967
720575940622559882,FB.1205,0.000966
720575940637625203,FB.1187,0.000965
720575940610161813,FB.1139,0.000963
720575940623299772,FB.1101,0.000963
720575940637653605,SMP.FB.46,0.000963
720575940615957853,FB.1041,0.000961
720575940606681099,FB.928,0.00096
720575940619891060,FB.957,0.00096
720575940621434150,FB.1284,0.00096
720575940653018017,FB.963,0.000959
720575940619157595,FB.770,0.000956
720575940629846841,FB.1022,0.000956
720575940617337413,FB.1179,0.000955
720575940629846636,FB.1193,0.000948
720575940630898515,FB.1374,0.000948
720575940625863336,FB.1346,0.000948
720575940621586628,FB.937,0.000946
720575940626827024,EB.290,0.000946
720575940630985811,FB.1276,0.000943
720575940639935963,NO.FB.13,0.000943
720575940615102127,FB.1269,0.000942
720575940626048711,FB.1038,0.000941
720575940628031531,NO.91,0.000939
720575940603844017,FB.1351,0.000937
720575940629272850,FB.1168,0.000935
720575940622265525,FB.1078,0.000934
720575940631372845,FB.1093,0.000933
720575940638890192,FB.1218,0.000932
720575940613388753,FB.1309,0.000928
720575940627418750,NO.17,0.000925
720575940620494708,FB.1106,0.000922
720575940608185986,FB.839,0.000922
720575940615650009,FB.993,0.000921
720575940612377775,FB.1031,0.000915
720575940633368171,NO.131,0.000915
720575940650785401,EB.174,0.000915
720575940624356234,EB.321,0.000915
720575940622051818,FB.SMP.14,0.000912
720575940625437706,FB.905,0.000908
720575940644808227,FB.929,0.000905
720575940625294217,FB.1224,0.000905
720575940628105353,FB.1288,0.000902
720575940628764268,FB.883,0.0009
720575940613441442,NO.24,0.000897
720575940619087013,NO.110,0.000896
720575940630735378,FB.1125,0.000895
720575940626605211,FB.1028,0.000894
720575940636143796,FB.1089,0.000892
720575940620040780,FB.1324,0.000892
720575940630993581,FB.966,0.000891
720575940625061918,FB.1399,0.000886
720575940623807932,FB.1003,0.000886
720575940632943199,FB.984,0.000884
720575940615220802,NO.56,0.000883
720575940652702710,EB.141,0.000878
720575940635229797,NO.62,0.000878
720575940616543745,NO.47,0.000878
720575940611758819,FB.1183,0.000876
720575940625537301,NO.119,0.000875
720575940658902401,FB.618,0.000871
720575940611243946,FB.946,0.000871
720575940626137895,EB.33,0.000869
720575940637969222,SLP.FB.5,0.000869
720575940625630993,FB.1132,0.000869
720575940615250235,FB.1181,0.000868
720575940628471868,FB.1128,0.000867
720575940635852766,FB.930,0.000867
720575940645448756,FB.1271,0.000865
720575940611308259,FB.945,0.000864
720575940627890072,EB.115,0.000864
720575940615267933,FB.1260,0.00086
720575940618875886,FB.1207,0.000857
720575940632052010,FB.1333,0.000855
720575940607330825,NO.81,0.000851
720575940636916713,NO.95,0.000843
720575940613231313,FB.1113,0.000843
720575940631165613,FB.1020,0.000842
720575940630904121,EB.112,0.000841
720575940617211968,FB.979,0.00084
720575940622709065,FB.990,0.000836
720575940629391179,FB.1096,0.000835
720575940608859694,FB.1212,0.000833
720575940623277547,FB.706,0.000828
720575940628707858,FB.932,0.000828
720575940653053857,FB.1055,0.000827
720575940618424149,SLP.FB.7,0.000827
720575940627161700,EB.239,0.000826
720575940612488615,FB.1138,0.000826
720575940637487694,FB.1297,0.000825
720575940620228641,FB.1285,0.000823
720575940627243267,AOTU.FB.42,0.000823
720575940612594855,FB.857,0.000822
720575940615610836,FB.1232,0.000822
720575940611851506,FB.1114,0.000821
720575940623018983,FB.527,0.000821
720575940619271344,FB.991,0.000819
720575940619658111,EB.330,0.000817
720575940627543171,FB.958,0.000816
720575940625821017,NO.118,0.000816
720575940654697377,FB.619,0.000813
720575940638845648,NO.128,0.000811
720575940622334699,FB.1030,0.000809
720575940627399783,FB.1318,0.000808
720575940645448995,NO.121,0.000807
720575940634258131,FB.988,0.000807
720575940629550039,NO.80,0.000806
720575940633228615,AOTU.FB.8,0.000801
720575940610477425,FB.1116,0.000801
720575940637791549,SMP.FB.35,0.0008
720575940628695660,FB.1127,0.000799
720575940631024977,NO.104,0.000799
720575940638647459,FB.1143,0.000798
720575940611363954,FB.1292,0.000798
720575940630852300,FB.1124,0.000798
720575940619370416,FB.1135,0.000797
720575940610545561,FB.1380,0.000792
720575940611396835,PB.20,0.000792
720575940626646790,FB.1027,0.000791
720575940613839116,FB.981,0.000787
720575940632827496,FB.1158,0.000786
720575940634655924,FB.1146,0.000783
720575940619469488,NO.66,0.000779
720575940614900127,NO.86,0.000778
720575940625349961,FB.1005,0.000777
720575940630434430,FB.1070,0.000774
720575940628141818,FB.933,0.000774
720575940629609167,NO.112,0.000773
720575940628805327,FB.1239,0.000772
720575940620004590,FB.1206,0.000771
720575940622073235,AOTU.FB.32,0.00077
720575940636330729,FB.998,0.00077
720575940610623402,FB.1086,0.000767
720575940639861301,LAL.FB.4,0.000766
720575940626541075,FB.1281,0.000766
720575940622905869,FB.1203,0.000764
720575940624175653,FB.1249,0.000764
720575940636322367,FB.1312,0.000763
720575940640257152,FB.1058,0.000763
720575940636802532,NO.FB.49,0.000762
720575940625925898,FB.CRE.66,0.000762
720575940620639152,FB.1104,0.000762
720575940628720079,FB.1024,0.000761
720575940637567822,AOTU.FB.6,0.000759
720575940639782875,FB.SMP.13,0.000754
720575940621712166,NO.48,0.000754
720575940609439698,FB.1118,0.000754
720575940622085389,FB.1303,0.000754
720575940634539877,SMP.939,0.000753
720575940626858831,FB.1169,0.000751
720575940622089195,FB.1176,0.000751
720575940613729695,FB.1013,0.00075
720575940619296365,EB.42,0.000749
720575940634488939,FB.698,0.000745
720575940613958412,NO.77,0.000745
720575940622342576,EB.89,0.000744
720575940620059425,FB.1257,0.000741
720575940610973413,SMP.FB.34,0.00074
720575940630293445,SLP.533,0.000737
720575940610776900,FB.1295,0.000733
720575940632180909,FB.1092,0.000728
720575940634043640,FB.1166,0.000726
720575940620584497,FB.952,0.000726
720575940635911396,FB.1235,0.000723
720575940630644132,FB.967,0.000722
720575940637783971,FB.1088,0.000722
720575940607250697,NO.36,0.00072
720575940604667825,NO.238,0.000717
720575940629526570,NO.FB.21,0.000716
720575940620142196,NO.93,0.000716
720575940621022685,AOTU.FB.33,0.000715
720575940642051232,FB.1296,0.000714
720575940645002019,FB.1370,0.000713
720575940618734575,FB.1231,0.000711
720575940632255388,FB.1091,0.000711
720575940615484633,FB.1289,0.000708
720575940604969161,AOTU.FB.17,0.000707
720575940620872669,EB.157,0.000706
720575940615645841,FB.1330,0.000702
720575940635666409,FB.1123,0.000701
720575940612828926,FB.1290,0.000701
720575940626800400,FB.1319,0.0007
720575940619469147,FB.978,0.000699
720575940606102729,EB.135,0.000696
720575940635869541,FB.1219,0.000694
720575940623062453,FB.SMP.19,0.000692
720575940633423255,NO.FB.67,0.000692
720575940610178417,NO.61,0.000689
720575940624373837,EB.125,0.000684
720575940614012134,FB.1262,0.000684
720575940618195510,FB.1208,0.000684
720575940616891698,EB.307,0.000681
720575940640241037,FB.1217,0.00068
720575940625609810,FB.1246,0.000679
720575940628695034,FB.1150,0.000679
720575940610363059,NO.111,0.000678
720575940608068035,NO.FB.66,0.000677
720575940629516793,NO.193,0.000675
720575940623498476,NO.132,0.00067
720575940631626491,CRE.71,0.00067
720575940620443764,NO.FB.122,0.000669
720575940607290633,NO.126,0.000669
720575940637994328,FB.1071,0.000668
720575940621581526,FB.1337,0.000668
720575940635119758,FB.1145,0.000667
720575940625511762,EB.110,0.000666
720575940617716770,FB.1327,0.000665
720575940636271706,FB.1313,0.000663
720575940623233259,NO.20,0.000661
720575940638663000,NO.19,0.000661
720575940618956198,FB.1160,0.00066
720575940616571682,NO.152,0.000659
720575940618867888,FB.1230,0.000657
720575940632988351,EB.93,0.000656
720575940622873095,SLP.FB.8,0.000653
720575940626111527,FB.1364,0.000653
720575940620669110,FB.SMP.67,0.000649
720575940615677780,FB.1083,0.000648
720575940622184189,FB.1174,0.000647
720575940624576258,FB.1248,0.000646
720575940624689130,FB.SMP.57,0.000644
720575940615711745,FB.1110,0.000644
720575940637794163,FB.1035,0.000637
720575940630017593,FB.1192,0.000637
720575940626692039,NO.41,0.000636
720575940617180955,FB.SMP.6,0.000635
720575940626456083,EB.151,0.000634
720575940603238828,FB.1120,0.000633
720575940634040244,FB.1147,0.000631
720575940629711376,EB.184,0.00063
720575940649647225,FB.1165,0.00063
720575940602800608,FB.1214,0.000629
720575940622514695,FB.1283,0.000628
720575940616072861,FB.1350,0.000628
720575940627048976,FB.1097,0.000628
720575940633177696,FB.SMP.4,0.000628
720575940610355186,FB.1340,0.000627
720575940628211340,NO.113,0.000627
720575940625424642,NO.FB.54,0.000625
720575940629720848,EB.137,0.000624
720575940622092522,FB.1175,0.000622
720575940628639735,FB.1075,0.000621
720575940621656966,AOTU.FB.48,0.00062
720575940638251904,FB.1342,0.00062
720575940624280676,NO.83,0.000618
720575940616966557,NO.44,0.000616
720575940611475097,FB.1211,0.000615
720575940632640703,FB.1221,0.000614
720575940644038180,FB.1057,0.000613
720575940620476843,FB.1254,0.000613
720575940639598963,FB.1234,0.000613
720575940618648235,NO.123,0.000609
720575940626682384,FB.1026,0.000609
720575940620282906,EB.30,0.000609
720575940628972119,NO.146,0.000608
720575940621132065,NO.FB.101,0.000606
720575940617068066,FB.1349,0.000602
720575940618710918,NO.151,0.000602
720575940645203235,FB.SMP.12,0.000601
720575940617073876,FB.1404,0.0006
720575940612109363,FB.1267,0.000597
720575940631468258,FB.1315,0.000594
720575940619737510,NO.70,0.000591
720575940638302592,FB.1362,0.00059
720575940633913239,FB.1019,0.000589
720575940619835892,NO.109,0.000587
720575940629842499,FB.1223,0.000587
720575940623488551,FB.SMP.15,0.000587
720575940623816848,FB.1226,0.000586
720575940614174018,FB.909,0.000585
720575940610694067,FB.1293,0.000585
720575940623474412,FB.1300,0.000584
720575940603807422,FB.1141,0.000582
720575940620649292,NO.108,0.000582
720575940634288595,FB.799,0.000582
720575940626216177,FB.1345,0.000581
720575940634309565,FB.1220,0.000574
720575940628083712,FB.1129,0.000573
720575940621485552,FB.1253,0.000569
720575940615973771,NO.33,0.000569
720575940631520839,NO.64,0.000567
720575940621073246,NO.FB.89,0.000567
720575940624827523,NO.23,0.000566
720575940604125105,FB.1119,0.000565
720575940624163109,NO.127,0.000563
720575940607001045,FB.SMP.8,0.000563
720575940619160769,NO.50,0.000562
720575940643702551,NO.55,0.000561
720575940629423580,FB.CRE.75,0.000561
720575940619428272,FB.1178,0.000561
720575940627826448,FB.1241,0.000559
720575940624082725,NO.FB.53,0.000558
720575940637211957,FB.1072,0.000558
720575940629597647,NO.90,0.000557
720575940627145627,FB.1280,0.000556
720575940610448307,FB.1339,0.000556
720575940633815800,NO.FB.117,0.000555
720575940617819185,NO.46,0.000553
720575940630058827,NO.122,0.000547
720575940633391211,FB.1314,0.000547
720575940607339971,FB.1341,0.000546
720575940637503603,FB.1188,0.000545
720575940637519165,FB.SMP.50,0.000545
720575940622856781,FB.1204,0.000545
720575940622760682,LAL.FB.5,0.000543
720575940612249651,FB.1266,0.000543
720575940612861842,NO.38,0.000542
720575940628789698,FB.1317,0.000541
720575940613434786,NO.101,0.00054
720575940618901553,FB.1305,0.000539
720575940622733607,FB.1251,0.000536
720575940618774352,NO.157,0.000534
720575940634081272,FB.CRE.96,0.000534
720575940625733909,FB.1245,0.000533
720575940611117380,FB.1395,0.000533
720575940630050105,NO.FB.51,0.00053
720575940625925892,FB.1243,0.000525
720575940631353683,FB.1316,0.000525
720575940625346362,FB.1171,0.000522
720575940624341436,FB.1365,0.000519
720575940603925280,FB.1213,0.000514
720575940614837222,FB.1261,0.000514
720575940621074835,EB.159,0.000513
720575940636260442,FB.1272,0.000512
720575940623693320,FB.807,0.000512
720575940618798470,NO.FB.55,0.000509
720575940630278028,NO.79,0.000506
720575940624861017,FB.1039,0.000505
720575940624403044,FB.1336,0.000501
720575940639400307,FB.1311,0.0005
720575940629957432,FB.1354,0.000499
720575940631552204,FB.1167,0.000498
720575940631089256,FB.SMP.26,0.000497
720575940615976861,AOTU.FB.18,0.000497
720575940620629364,FB.1228,0.000497
720575940625156745,SMP.1228,0.000497
720575940621749261,PB.FB.9,0.000495
720575940647872889,NO.116,0.000495
720575940630706247,AOTU.FB.45,0.000494
720575940625176092,NO.106,0.000493
720575940629079084,FB.1277,0.000489
720575940620358012,FB.1367,0.000487
720575940627778137,AOTU.FB.14,0.000486
720575940618317726,FB.1258,0.000485
720575940606615561,FB.1184,0.00048
720575940621978904,FB.1079,0.000472
720575940627852226,FB.1240,0.000467
720575940615935325,AOTU.FB.35,0.000466
720575940614926475,EB.59,0.000463
720575940605361841,FB.1294,0.000463
720575940624783287,EB.247,0.000461
720575940639978704,FB.1186,0.000459
720575940626166012,FB.1322,0.000459
720575940605890434,NO.FB.112,0.000457
720575940626382973,FB.1321,0.000457
720575940635586851,NO.97,0.000455
720575940654122657,FB.1215,0.000453
720575940623043732,FB.1227,0.000452
720575940613760927,FB.1263,0.00045
720575940624737869,NO.72,0.000449
720575940635201422,NO.82,0.000445
720575940629907052,FB.1334,0.000445
720575940623540007,NO.FB.78,0.000443
720575940622609299,EB.134,0.000442
720575940632223132,FB.1237,0.000438
720575940627666793,FB.1279,0.000438
720575940604278705,AOTU.FB.37,0.000436
720575940631132985,FB.1386,0.000434
720575940613497490,NO.125,0.000429
720575940619781229,NO.49,0.000425
720575940626561448,SMP.FB.44,0.000425
720575940603676774,FB.1361,0.000419
720575940632894304,AOTU.FB.38,0.000415
720575940620139643,EB.82,0.000414
720575940628710014,FB.SMP.24,0.000411
720575940633623743,NO.96,0.000411
720575940628802041,EB.22,0.00041
720575940619893419,FB.1229,0.000408
720575940620095100,FB.1357,0.0004
720575940610453162,PB.EB.3,0.000396
720575940612807830,FB.1210,0.000396
720575940618014343,AOTU.FB.40,0.000395
720575940638498000,NO.FB.145,0.000392
720575940616855074,NO.59,0.000392
720575940612152930,NO.143,0.00039
720575940625824999,LAL.496,0.00039
720575940611425429,AOTU.FB.46,0.00039
720575940631831879,AOTU.FB.25,0.000389
720575940611568686,FB.1255,0.000389
720575940616205083,EB.293,0.000385
720575940624135205,FB.1250,0.000383
720575940631487047,EB.98,0.000382
720575940629801291,FB.SMP.41,0.000379
720575940606597724,FB.1396,0.000373
720575940619784374,AOTU.FB.12,0.000367
720575940622681889,AVLP.ME.4,0.000367
720575940620899964,NO.183,0.000366
720575940604518432,NO.71,0.000365
720575940638612190,AOTU.FB.36,0.000363
720575940627377346,FB.1152,0.000361
720575940619927322,SLP.SMP.219,0.00036
720575940626363654,EB.158,0.00036
720575940627296396,FB.1344,0.000357
720575940628843458,EB.9,0.000354
720575940633054874,FB.1273,0.000354
720575940611912362,FB.1360,0.000353
720575940621343764,NO.76,0.000352
720575940638070862,NO.170,0.00035
720575940622805798,FB.1301,0.000348
720575940621656815,NO.98,0.000346
720575940609116740,FB.1369,0.000344
720575940619025232,FB.1348,0.000344
720575940617559125,NO.227,0.000344
720575940624167973,FB.1225,0.000343
720575940629681168,AOTU.FB.41,0.000343
720575940628819447,NO.FB.71,0.000342
720575940622455369,NO.84,0.000338
720575940635239342,NO.129,0.000336
720575940633227055,FB.1323,0.000333
720575940602783968,EB.310,0.000332
720575940617296155,FB.1328,0.000331
720575940622713897,FB.SMP.54,0.000331
720575940619114689,NO.FB.90,0.00033
720575940615442315,FB.1392,0.000326
720575940612589735,NO.87,0.000326
720575940621202200,NO.74,0.000325
720575940616267348,FB.1329,0.000323
720575940645405060,FB.1310,0.00032
720575940612862882,NO.FB.84,0.000317
720575940630479631,FB.1343,0.000314
720575940625390266,SMP.1384,0.000314
720575940631621145,FB.SMP.70,0.000313
720575940604498208,NO.205,0.000312
720575940620958814,FB.1177,0.000308
720575940612710184,NO.FB.110,0.000308
720575940628072748,NO.164,0.000307
720575940624346917,AOTU.FB.31,0.000307
720575940643567652,NO.103,0.000306
720575940627798266,FB.CRE.89,0.000306
720575940630815059,SMP.1258,0.000305
720575940633021084,NO.FB.73,0.000304
720575940628352000,FB.1335,0.000298
720575940620932317,FB.SMP.55,0.000296
720575940616896581,FB.1209,0.000292
720575940603943456,FB.1422,0.000291
720575940619968892,NO.FB.69,0.000288
720575940627958046,EB.219,0.000288
720575940632614295,EB.35,0.000284
720575940618606715,AOTU.BU.6,0.000284
720575940638055869,EB.142,0.000284
720575940636513784,FB.1423,0.000284
720575940626327046,FB.SMP.112,0.000282
720575940608147413,NO.FB.111,0.000278
720575940614123570,NO.FB.62,0.000277
720575940629576960,FB.1356,0.000276
720575940630758014,NO.100,0.000275
720575940646521988,FB.1382,0.000273
720575940639426805,EB.129,0.000272
720575940611974354,FB.1338,0.000272
720575940611964882,EB.38,0.000272
720575940616884765,NO.186,0.00027
720575940610686938,NO.FB.85,0.00027
720575940628733292,EB.76,0.000265
720575940623066126,SLP.FB.16,0.000264
720575940615283771,FB.1331,0.000261
720575940617497211,FB.SMP.96,0.000258
720575940644614947,FB.1383,0.000258
720575940620474072,AOTU.FB.29,0.000256
720575940618742864,NO.FB.135,0.000248
720575940644525859,AOTU.FB.44,0.000247
720575940623298535,SLP.1009,0.000247
720575940606951893,EB.154,0.000244
720575940622030861,EB.329,0.000242
720575940613184362,NO.234,0.000239
720575940615098683,NO.FB.109,0.000239
720575940626449082,GA.PB.2,0.000238
720575940633738903,FB.1424,0.000238
720575940622810697,FB.SMP.93,0.000233
720575940621750285,NO.FB.120,0.000231
720575940634575711,NO_CONS.2567,0.000226
720575940612831486,NO.235,0.000225
720575940644765463,EB.20,0.000225
720575940618994603,AOTU.FB.34,0.000224
720575940607040981,EB.249,0.000223
720575940628805636,FB.1372,0.000221
720575940628909950,SMP.1375,0.00022
720575940604967270,EB.338,0.00022
720575940627640475,AOTU.FB.30,0.000217
720575940631058861,FB.1373,0.000216
720575940632736703,EB.170,0.000214
720575940620365812,FB.1390,0.000213
720575940612765330,NO.161,0.000212
720575940620957353,NO.85,0.000212
720575940628585922,NO.215,0.000209
720575940622331786,NO.FB.79,0.000206
720575940617187329,EB.334,0.000201
720575940634244207,NO.192,0.000196
720575940637681267,EB.173,0.000194
720575940624135060,EB.353,0.000191
720575940633120151,FB.1332,0.000191
720575940634338515,LAL.491,0.000191
720575940628858873,FB.SMP.64,0.00019
720575940630786733,NO.251,0.00019
720575940633303743,NO.89,0.000187
720575940630596921,NO.252,0.000186
720575940605591730,NO.204,0.000183
720575940624634040,AOTU.FB.43,0.000183
720575940619550708,FB.1358,0.000178
720575940623261703,FB.1377,0.000176
720575940632216289,NO.FB.97,0.000176
720575940629999119,NO.75,0.000173
720575940630984749,NO.250,0.000172
720575940614735558,NO.231,0.000172
720575940636395610,EB.195,0.000172
720575940625175960,AOTU.FB.52,0.000172
720575940645179592,EB.302,0.00017
720575940618306469,EB.192,0.00017
720575940631724717,NO.211,0.000167
720575940626579185,NO.155,0.000167
720575940603409632,NO.239,0.000165
720575940632880224,AOTU.BU.41,0.000161
720575940635622039,FB.1308,0.000159
720575940619253869,NO.FB.74,0.000156
720575940658852481,NO.189,0.000155
720575940638542936,NO.191,0.000152
720575940620423518,AOTU.BU.19,0.000148
720575940606734258,NO.282,0.000148
720575940615742977,NO.FB.93,0.000146
720575940631125036,EB.10,0.000143
720575940622014471,FB.1366,0.000143
720575940628812548,FB.1236,0.000141
720575940643535982,NO.FB.129,0.00014
720575940629345527,SMP.1178,0.000139
720575940609175758,NO.202,0.000139
720575940608064707,FB.1381,0.000138
720575940617178369,FB.1368,0.000138
720575940653654433,NO.FB.95,0.000138
720575940629008079,FB.1375,0.000137
720575940604518944,NO.FB.128,0.000137
720575940630286639,SMP.1861,0.000136
720575940634173176,FB.1411,0.000135
720575940630410321,NO.173,0.000128
720575940619215451,AOTU.FB.51,0.000128
720575940607263068,NO.FB.127,0.000128
720575940628182722,FB.1376,0.000126
720575940627602814,FB.SMP.83,0.000126
720575940637862062,EB.77,0.000122
720575940620664741,EB.352,0.000119
720575940627934449,PB.81,0.000119
720575940620614310,AOTU.BU.32,0.000119
720575940606697858,AOTU.BU.31,0.00011
720575940627526376,FB.1415,0.000109
720575940650362614,NO.241,0.000108
720575940640850595,SMP.1792,0.000108
720575940614297640,EB.348,0.000105
720575940635462318,NO.171,0.000104
720575940620776662,PB.34,0.000101
720575940613403042,NO.232,0.0001
720575940634360056,NO.295,9.9e-05
720575940635183728,FB.1363,9.9e-05
720575940660921985,EB.41,9.4e-05
720575940609843349,NO.281,9.2e-05
720575940623022315,NO.264,9.2e-05
720575940634192339,FB.1355,9.1e-05
720575940612047853,AOTU.BU.44,8.8e-05
720575940613301471,NO.200,8.5e-05
720575940637487593,EB.108,8.4e-05
720575940612712401,NO.236,8.1e-05
720575940610505701,EB.165,8.1e-05
720575940612310824,NO.FB.137,8.1e-05
720575940612248883,NO.FB.126,7.4e-05
720575940615661661,NO.144,7.3e-05
720575940619818593,NO.FB.133,7.2e-05
720575940621172941,AOTU.FB.53,7e-05
720575940620267073,NO.136,6.9e-05
720575940638846848,NO.246,6.8e-05
720575940616287377,NO.229,6.6e-05
720575940615023628,FB.1393,6.6e-05
720575940621537023,NO.266,6.5e-05
720575940624039370,NO.FB.143,6.3e-05
720575940621066776,EB.191,6.2e-05
720575940618146901,NO.FB.124,6.2e-05
720575940618292901,SMP.1590,5.9e-05
720575940630411823,NO.253,5.8e-05
720575940621289571,NO.FB.121,5.5e-05
720575940612979090,EB.183,5.2e-05
720575940609716430,AOTU.BU.45,5.1e-05
720575940612498984,AOTU.CRE.14,5e-05
720575940611216099,EB.44,4.8e-05
720575940623440381,NO.263,4.4e-05
720575940621861637,MB_PED.1,4.1e-05
720575940629902206,EB.18,4e-05
720575940642837870,AOTU.BU.53,3.8e-05
720575940643346336,FB.1371,3.6e-05
720575940621746154,FB.1403,3.4e-05
720575940610974577,LAL.116,3.3e-05
720575940636779753,AOTU.CRE.27,2.9e-05
720575940623059214,NO.224,2.6e-05
720575940624608714,NO.221,1.9e-05
720575940627877114,EB.179,1.9e-05
720575940629691753,GA.PB.1,1.5e-05
720575940635427982,EB.45,1e-05
720575940626721835,EB.61,0.0
